Rank,Score,Listed Date,Product Title,Brand,ASIN,BSR,Competition Level,Competition Count,Opportunity Rating,Competition URL,Analysis Date
1,4,2026-05-23,"Purposeful Activity Always Wins OT Design T-Shirt","Mademark",B0H2PN2DBW,N/A,LOW,13,Average,https://www.amazon.com/s?i=fashion-novelty&rh=p_6%3AATVPDKIKX0DER&s=relevancerank&hidden-keywords=Purposeful%20Activity%20Always%20Wins%20OT%20Design%20T-Shirt,5/24/2026
2,4,2026-05-23,"Skills for Life Not Just Survival OT Design T-Shirt","Mademark",B0H2PQLWND,N/A,LOW,22,Average,https://www.amazon.com/s?i=fashion-novelty&rh=p_6%3AATVPDKIKX0DER&s=relevancerank&hidden-keywords=Skills%20for%20Life%20Not%20Just%20Survival%20OT%20Design%20T-Shirt,5/24/2026
3,4,2026-05-23,"Sensory Processing Is Everything OT Design T-Shirt","Mademark",B0H2PCXQRR,N/A,LOW,32,Average,https://www.amazon.com/s?i=fashion-novelty&rh=p_6%3AATVPDKIKX0DER&s=relevancerank&hidden-keywords=Sensory%20Processing%20Is%20Everything%20OT%20Design%20T-Shirt,5/24/2026
4,4,2024-06-19,"Only A Nurse Can Drug You Cut Your Clothes Off T-Shirt","Funny Only A Nurse Can Drug You Tee Shirt",B0H2D31KRX,2114658,LOW,37,Average,https://www.amazon.com/s?i=fashion-novelty&rh=p_6%3AATVPDKIKX0DER&s=relevancerank&hidden-keywords=Only%20A%20Nurse%20Can%20Drug%20You%20Cut%20Your%20Clothes%20Off%20T-Shirt,5/24/2026
5,4,2026-05-22,"Dope Latina Woman Occupational Therapist Latin Heritage T-Shirt","Dope Occupational Therapist Career Culture",B0H2L3RJ3Y,N/A,LOW,53,Average,https://www.amazon.com/s?i=fashion-novelty&rh=p_6%3AATVPDKIKX0DER&s=relevancerank&hidden-keywords=Dope%20Latina%20Woman%20Occupational%20Therapist%20Latin%20Heritage%20T-Shirt,5/24/2026
6,4,2026-05-21,"Retro Pediatric Occupational Therapy Ocean Animals Shark T-Shirt","Funny Shark OT therapy squad Mental Health OTA",B0H2HRZY9W,N/A,LOW,56,Average,https://www.amazon.com/s?i=fashion-novelty&rh=p_6%3AATVPDKIKX0DER&s=relevancerank&hidden-keywords=Retro%20Pediatric%20Occupational%20Therapy%20Ocean%20Animals%20Shark%20T-Shirt,5/24/2026
7,4,2026-01-22,"Living The Scrub Life Tie Dye Hippie Medical Assistant T-Shirt","Funny Living The Scrub Life Nurse Hippie Tee Shirt",B0H2CN7YWC,2443754,LOW,66,Average,https://www.amazon.com/s?i=fashion-novelty&rh=p_6%3AATVPDKIKX0DER&s=relevancerank&hidden-keywords=Living%20The%20Scrub%20Life%20Tie%20Dye%20Hippie%20Medical%20Assistant%20T-Shirt,5/24/2026
8,4,2026-05-21,"Occupational Therapy, Helping You Reach New Goals T-Shirt","Occupational Therapy Helping You Reach New Goals",B0H2HFJ9QV,N/A,LOW,82,Average,https://www.amazon.com/s?i=fashion-novelty&rh=p_6%3AATVPDKIKX0DER&s=relevancerank&hidden-keywords=Occupational%20Therapy%2C%20Helping%20You%20Reach%20New%20Goals%20T-Shirt,5/24/2026
9,4,2026-05-21,"Women Occupational Therapy Frog Wizard OT Busy with My ADLs T-Shirt","Occupational Therapy Tee",B0H2HY1NLQ,N/A,LOW,88,Average,https://www.amazon.com/s?i=fashion-novelty&rh=p_6%3AATVPDKIKX0DER&s=relevancerank&hidden-keywords=Women%20Occupational%20Therapy%20Frog%20Wizard%20OT%20Busy%20with%20My%20ADLs%20T-Shirt,5/24/2026
10,4,2026-05-21,"Pediatric COTA Goose on Scooter Occupational Therapy OT T-Shirt","Therapy Humor Tee",B0H2J36XMC,N/A,LOW,92,Average,https://www.amazon.com/s?i=fashion-novelty&rh=p_6%3AATVPDKIKX0DER&s=relevancerank&hidden-keywords=Pediatric%20COTA%20Goose%20on%20Scooter%20Occupational%20Therapy%20OT%20T-Shirt,5/24/2026
11,3,2026-05-20,"Occupational Therapy is My Jam OT Squad ADLs Silly Goose T-Shirt","Silly Gang ADLs Occupational Therapist",B0H2F8WHKK,N/A,LOW,104,Poor,https://www.amazon.com/s?i=fashion-novelty&rh=p_6%3AATVPDKIKX0DER&s=relevancerank&hidden-keywords=Occupational%20Therapy%20is%20My%20Jam%20OT%20Squad%20ADLs%20Silly%20Goose%20T-Shirt,5/24/2026
12,3,2026-05-23,"I Fix Daily Living Occupational Therapy Design T-Shirt","Mademark",B0H2PG7N84,N/A,LOW,107,Poor,https://www.amazon.com/s?i=fashion-novelty&rh=p_6%3AATVPDKIKX0DER&s=relevancerank&hidden-keywords=I%20Fix%20Daily%20Living%20Occupational%20Therapy%20Design%20T-Shirt,5/24/2026
13,3,2026-05-20,"Occupational Therapist OT Squad Racoon Just Doing My ADLs T-Shirt","Funny Racoon Meme OT ADLs Squad",B0H2F8L7B7,N/A,LOW,107,Poor,https://www.amazon.com/s?i=fashion-novelty&rh=p_6%3AATVPDKIKX0DER&s=relevancerank&hidden-keywords=Occupational%20Therapist%20OT%20Squad%20Racoon%20Just%20Doing%20My%20ADLs%20T-Shirt,5/24/2026
14,3,2026-05-19,"This Girl is a Retired Occupational Therapist Retirement T-Shirt","Retired Occupational Therapist Butterfly Gifts",B0H2BDJK26,N/A,LOW,108,Poor,https://www.amazon.com/s?i=fashion-novelty&rh=p_6%3AATVPDKIKX0DER&s=relevancerank&hidden-keywords=This%20Girl%20is%20a%20Retired%20Occupational%20Therapist%20Retirement%20T-Shirt,5/24/2026
15,3,2026-03-15,"Independence Is My Mission Occupational Therapy T-Shirt","Mademark",B0H2P8GW7S,7386853,LOW,116,Poor,https://www.amazon.com/s?i=fashion-novelty&rh=p_6%3AATVPDKIKX0DER&s=relevancerank&hidden-keywords=Independence%20Is%20My%20Mission%20Occupational%20Therapy%20T-Shirt,5/24/2026
16,3,2026-05-04,"Recovery Looks Good On You Occupational Therapy T-Shirt","Mademark",B0GZHVSNZQ,N/A,LOW,118,Poor,https://www.amazon.com/s?i=fashion-novelty&rh=p_6%3AATVPDKIKX0DER&s=relevancerank&hidden-keywords=Recovery%20Looks%20Good%20On%20You%20Occupational%20Therapy%20T-Shirt,5/24/2026
17,3,2026-05-23,"Empowering One Task Daily Occupational Therapy T-Shirt","Mademark",B0H2PPX77Z,N/A,LOW,122,Poor,https://www.amazon.com/s?i=fashion-novelty&rh=p_6%3AATVPDKIKX0DER&s=relevancerank&hidden-keywords=Empowering%20One%20Task%20Daily%20Occupational%20Therapy%20T-Shirt,5/24/2026
18,3,2026-05-22,"Occupational Therapist Adaptive Superhero Occupation T-Shirt","Occupational Therapist Gifts & Accessories",B0H2MKXVRL,N/A,LOW,126,Poor,https://www.amazon.com/s?i=fashion-novelty&rh=p_6%3AATVPDKIKX0DER&s=relevancerank&hidden-keywords=Occupational%20Therapist%20Adaptive%20Superhero%20Occupation%20T-Shirt,5/24/2026
19,3,2026-05-23,"I Teach People To Live Occupational Therapy Design T-Shirt","Mademark",B0H2PLRDBZ,N/A,LOW,130,Poor,https://www.amazon.com/s?i=fashion-novelty&rh=p_6%3AATVPDKIKX0DER&s=relevancerank&hidden-keywords=I%20Teach%20People%20To%20Live%20Occupational%20Therapy%20Design%20T-Shirt,5/24/2026
20,3,2026-05-20,"Occupational Therapy Scope of Practice OT Squad ADLs T-Shirt","Doodles Occupational Therapist Squad",B0H2F3RBRN,N/A,LOW,132,Poor,https://www.amazon.com/s?i=fashion-novelty&rh=p_6%3AATVPDKIKX0DER&s=relevancerank&hidden-keywords=Occupational%20Therapy%20Scope%20of%20Practice%20OT%20Squad%20ADLs%20T-Shirt,5/24/2026
21,3,2026-01-28,"OT Wisdom Life System Occupational Therapy Design T-Shirt","Mademark",B0H2NKRDP3,10197486,LOW,133,Poor,https://www.amazon.com/s?i=fashion-novelty&rh=p_6%3AATVPDKIKX0DER&s=relevancerank&hidden-keywords=OT%20Wisdom%20Life%20System%20Occupational%20Therapy%20Design%20T-Shirt,5/24/2026
22,3,2026-05-23,"Every Task Is Therapy Occupational Therapy Design T-Shirt","Mademark",B0H2PK3LR4,N/A,LOW,136,Poor,https://www.amazon.com/s?i=fashion-novelty&rh=p_6%3AATVPDKIKX0DER&s=relevancerank&hidden-keywords=Every%20Task%20Is%20Therapy%20Occupational%20Therapy%20Design%20T-Shirt,5/24/2026
23,3,2026-05-04,"Rehab Is My Happy Place Occupational Therapy T-Shirt","Mademark",B0GZHN6G3K,N/A,LOW,137,Poor,https://www.amazon.com/s?i=fashion-novelty&rh=p_6%3AATVPDKIKX0DER&s=relevancerank&hidden-keywords=Rehab%20Is%20My%20Happy%20Place%20Occupational%20Therapy%20T-Shirt,5/24/2026
24,3,2026-05-23,"Living My Best OT Life Occupational Therapy Design T-Shirt","Mademark",B0H2PJJ9G7,N/A,LOW,137,Poor,https://www.amazon.com/s?i=fashion-novelty&rh=p_6%3AATVPDKIKX0DER&s=relevancerank&hidden-keywords=Living%20My%20Best%20OT%20Life%20Occupational%20Therapy%20Design%20T-Shirt,5/24/2026
25,3,2026-05-23,"OT Life Chose Me Occupational Therapy Design T-Shirt","Mademark",B0H2PM23QS,N/A,LOW,142,Poor,https://www.amazon.com/s?i=fashion-novelty&rh=p_6%3AATVPDKIKX0DER&s=relevancerank&hidden-keywords=OT%20Life%20Chose%20Me%20Occupational%20Therapy%20Design%20T-Shirt,5/24/2026
26,3,2026-05-19,"This Girl is Retired Occupational Therapist T-Shirt","Retired Occupational Therapist Butterfly Gifts",B0H2BC791G,N/A,LOW,148,Poor,https://www.amazon.com/s?i=fashion-novelty&rh=p_6%3AATVPDKIKX0DER&s=relevancerank&hidden-keywords=This%20Girl%20is%20Retired%20Occupational%20Therapist%20T-Shirt,5/24/2026
27,3,2026-05-22,"Occupational Therapy OT Squad ADLs Small Skills Big Impact T-Shirt","Occupational Therapist ADLs OT Life",B0H2LGRLY5,N/A,LOW,149,Poor,https://www.amazon.com/s?i=fashion-novelty&rh=p_6%3AATVPDKIKX0DER&s=relevancerank&hidden-keywords=Occupational%20Therapy%20OT%20Squad%20ADLs%20Small%20Skills%20Big%20Impact%20T-Shirt,5/24/2026
28,3,2026-05-21,"Occupational Therapy Sea Turtle OT Student OT Assistant T-Shirt","Ocean Animal Therapist Tee",B0H2HXJ4RQ,N/A,LOW,160,Poor,https://www.amazon.com/s?i=fashion-novelty&rh=p_6%3AATVPDKIKX0DER&s=relevancerank&hidden-keywords=Occupational%20Therapy%20Sea%20Turtle%20OT%20Student%20OT%20Assistant%20T-Shirt,5/24/2026
29,3,2026-05-04,"Empowering People Every Day Occupational Therapy T-Shirt","Mademark",B0GZHKJF3M,N/A,LOW,176,Poor,https://www.amazon.com/s?i=fashion-novelty&rh=p_6%3AATVPDKIKX0DER&s=relevancerank&hidden-keywords=Empowering%20People%20Every%20Day%20Occupational%20Therapy%20T-Shirt,5/24/2026
30,3,2026-05-23,"Therapy Through Living Fully Occupational Therapy T-Shirt","Mademark",B0H2PKR9B2,N/A,LOW,182,Poor,https://www.amazon.com/s?i=fashion-novelty&rh=p_6%3AATVPDKIKX0DER&s=relevancerank&hidden-keywords=Therapy%20Through%20Living%20Fully%20Occupational%20Therapy%20T-Shirt,5/24/2026
31,3,2026-05-23,"OT All Day Long Occupational Therapy Design T-Shirt","Mademark",B0H2PG62QP,N/A,LOW,194,Poor,https://www.amazon.com/s?i=fashion-novelty&rh=p_6%3AATVPDKIKX0DER&s=relevancerank&hidden-keywords=OT%20All%20Day%20Long%20Occupational%20Therapy%20Design%20T-Shirt,5/24/2026
32,3,2026-05-04,"Occupational Therapy Saves Lives OT Design T-Shirt","Mademark",B0GZHC6JKC,N/A,LOW,198,Poor,https://www.amazon.com/s?i=fashion-novelty&rh=p_6%3AATVPDKIKX0DER&s=relevancerank&hidden-keywords=Occupational%20Therapy%20Saves%20Lives%20OT%20Design%20T-Shirt,5/24/2026
33,3,2026-05-23,"Adaptive Living Is Beautiful Occupational Therapy T-Shirt","Mademark",B0H2PNRZ2T,N/A,LOW,204,Poor,https://www.amazon.com/s?i=fashion-novelty&rh=p_6%3AATVPDKIKX0DER&s=relevancerank&hidden-keywords=Adaptive%20Living%20Is%20Beautiful%20Occupational%20Therapy%20T-Shirt,5/24/2026
34,3,2026-05-23,"is Coffee an ADL Occupational Therapist Occupational Therapy T-Shirt","Is Coffee An ADL Occupational Therapist Quote",B0H2PR5PXV,N/A,LOW,217,Poor,https://www.amazon.com/s?i=fashion-novelty&rh=p_6%3AATVPDKIKX0DER&s=relevancerank&hidden-keywords=is%20Coffee%20an%20ADL%20Occupational%20Therapist%20Occupational%20Therapy%20T-Shirt,5/24/2026
35,3,2025-08-14,"Independence Through Therapy Occupational Therapy Gift T-Shirt","Mademark",B0H2NQJPK8,N/A,LOW,228,Poor,https://www.amazon.com/s?i=fashion-novelty&rh=p_6%3AATVPDKIKX0DER&s=relevancerank&hidden-keywords=Independence%20Through%20Therapy%20Occupational%20Therapy%20Gift%20T-Shirt,5/24/2026
36,3,2026-05-23,"I Help People Thrive Daily Occupational Therapy T-Shirt","Mademark",B0H2PKDGH7,N/A,LOW,232,Poor,https://www.amazon.com/s?i=fashion-novelty&rh=p_6%3AATVPDKIKX0DER&s=relevancerank&hidden-keywords=I%20Help%20People%20Thrive%20Daily%20Occupational%20Therapy%20T-Shirt,5/24/2026
37,3,2026-05-23,"I Love OT Occupational Therapy Heart T-Shirt","Occupational Therapist OT Gifts",B0H2R1V6FY,N/A,LOW,234,Poor,https://www.amazon.com/s?i=fashion-novelty&rh=p_6%3AATVPDKIKX0DER&s=relevancerank&hidden-keywords=I%20Love%20OT%20Occupational%20Therapy%20Heart%20T-Shirt,5/24/2026
38,3,2026-05-04,"Meaningful Occupation Matters OT Design T-Shirt","Mademark",B0GZHLFQ5H,N/A,LOW,236,Poor,https://www.amazon.com/s?i=fashion-novelty&rh=p_6%3AATVPDKIKX0DER&s=relevancerank&hidden-keywords=Meaningful%20Occupation%20Matters%20OT%20Design%20T-Shirt,5/24/2026
39,3,2026-05-23,"OT Is My Calling Occupational Therapy Design T-Shirt","Mademark",B0H2PDFH7N,N/A,LOW,254,Poor,https://www.amazon.com/s?i=fashion-novelty&rh=p_6%3AATVPDKIKX0DER&s=relevancerank&hidden-keywords=OT%20Is%20My%20Calling%20Occupational%20Therapy%20Design%20T-Shirt,5/24/2026
40,3,2026-05-04,"I Just Really Love OT Occupational Therapy Design T-Shirt","Mademark",B0GZJ93SR8,N/A,LOW,282,Poor,https://www.amazon.com/s?i=fashion-novelty&rh=p_6%3AATVPDKIKX0DER&s=relevancerank&hidden-keywords=I%20Just%20Really%20Love%20OT%20Occupational%20Therapy%20Design%20T-Shirt,5/24/2026
41,2,2026-05-23,"Occupational Therapy is My Jam OTA Strawberry OT Assistant T-Shirt","Occupational Therapist Tee",B0H2NZ6PGF,N/A,LOW,309,Poor,https://www.amazon.com/s?i=fashion-novelty&rh=p_6%3AATVPDKIKX0DER&s=relevancerank&hidden-keywords=Occupational%20Therapy%20is%20My%20Jam%20OTA%20Strawberry%20OT%20Assistant%20T-Shirt,5/24/2026
42,2,2026-05-21,"Women Occupational Therapy OT Silly Goose Sensory Overload T-Shirt","Occupational Therapy Tee",B0H2HWH7W2,N/A,LOW,316,Poor,https://www.amazon.com/s?i=fashion-novelty&rh=p_6%3AATVPDKIKX0DER&s=relevancerank&hidden-keywords=Women%20Occupational%20Therapy%20OT%20Silly%20Goose%20Sensory%20Overload%20T-Shirt,5/24/2026
43,2,2026-05-21,"Occupational Therapist Cute Goose OT OTA Back to School T-Shirt","Occupational Therapy Back To School Tee",B0H2J3KHWT,N/A,LOW,322,Poor,https://www.amazon.com/s?i=fashion-novelty&rh=p_6%3AATVPDKIKX0DER&s=relevancerank&hidden-keywords=Occupational%20Therapist%20Cute%20Goose%20OT%20OTA%20Back%20to%20School%20T-Shirt,5/24/2026
44,2,2026-05-24,"Pediatric Occupational Therapy Funny Sensory Swing T-Shirt","Neurological OT Humor",B0H2S8BTY5,N/A,LOW,328,Poor,https://www.amazon.com/s?i=fashion-novelty&rh=p_6%3AATVPDKIKX0DER&s=relevancerank&hidden-keywords=Pediatric%20Occupational%20Therapy%20Funny%20Sensory%20Swing%20T-Shirt,5/24/2026
45,2,2026-05-23,"Pediatric Occupational Therapy Funny Sensory Swing T-Shirt","Humorous Neurological OT",B0H2PKQK4Z,N/A,LOW,328,Poor,https://www.amazon.com/s?i=fashion-novelty&rh=p_6%3AATVPDKIKX0DER&s=relevancerank&hidden-keywords=Pediatric%20Occupational%20Therapy%20Funny%20Sensory%20Swing%20T-Shirt,5/24/2026
46,2,2026-05-23,"Pediatric Occupational Therapy Funny Sensory Swing T-Shirt","Neurological OT Humor",B0H2PQSQ9J,N/A,LOW,328,Poor,https://www.amazon.com/s?i=fashion-novelty&rh=p_6%3AATVPDKIKX0DER&s=relevancerank&hidden-keywords=Pediatric%20Occupational%20Therapy%20Funny%20Sensory%20Swing%20T-Shirt,5/24/2026
47,2,2026-05-23,"Pediatric Occupational Therapy Funny Sensory Swing T-Shirt","Neurological OT",B0H2P1RF9D,N/A,LOW,328,Poor,https://www.amazon.com/s?i=fashion-novelty&rh=p_6%3AATVPDKIKX0DER&s=relevancerank&hidden-keywords=Pediatric%20Occupational%20Therapy%20Funny%20Sensory%20Swing%20T-Shirt,5/24/2026
48,2,2026-05-23,"Inspire Amaze Motivate Occupational Therapist OT Therapist T-Shirt","Occupational Therapy Month Occupational Therapist",B0H2NXPMYD,N/A,LOW,340,Poor,https://www.amazon.com/s?i=fashion-novelty&rh=p_6%3AATVPDKIKX0DER&s=relevancerank&hidden-keywords=Inspire%20Amaze%20Motivate%20Occupational%20Therapist%20OT%20Therapist%20T-Shirt,5/24/2026
49,2,2026-05-23,"Occupational Therapy Assistant Helping Everyone OT Assistant T-Shirt","Best Occupational Therapist Assistant OTA",B0H2QXC8WV,N/A,LOW,343,Poor,https://www.amazon.com/s?i=fashion-novelty&rh=p_6%3AATVPDKIKX0DER&s=relevancerank&hidden-keywords=Occupational%20Therapy%20Assistant%20Helping%20Everyone%20OT%20Assistant%20T-Shirt,5/24/2026
50,2,2026-05-21,"OT Occupational Therapy Every Dino Regulates Differently T-Shirt","Retro Occupational Therapist Cute Dino OT Therapy",B0H2GVPL12,N/A,LOW,345,Poor,https://www.amazon.com/s?i=fashion-novelty&rh=p_6%3AATVPDKIKX0DER&s=relevancerank&hidden-keywords=OT%20Occupational%20Therapy%20Every%20Dino%20Regulates%20Differently%20T-Shirt,5/24/2026
51,2,2026-05-23,"Occupational Therapy Assistant Helping Everyone OT Assistant T-Shirt","Best Occupational Therapist Assistant OTA",B0H2QRL1DP,N/A,LOW,349,Poor,https://www.amazon.com/s?i=fashion-novelty&rh=p_6%3AATVPDKIKX0DER&s=relevancerank&hidden-keywords=Occupational%20Therapy%20Assistant%20Helping%20Everyone%20OT%20Assistant%20T-Shirt,5/24/2026
52,2,2026-05-21,"Goose Occupational Therapist COTAs and Therapy Assistants T-Shirt","Pediatric OT Graduation Gifts",B0H2J1C6Z2,N/A,LOW,353,Poor,https://www.amazon.com/s?i=fashion-novelty&rh=p_6%3AATVPDKIKX0DER&s=relevancerank&hidden-keywords=Goose%20Occupational%20Therapist%20COTAs%20and%20Therapy%20Assistants%20T-Shirt,5/24/2026
53,2,2026-05-22,"OT Support On The More Goose Occupational Therapy Therapist T-Shirt","Silly Goose Occupational Therapist OT Therapy",B0H2LFB368,N/A,LOW,356,Poor,https://www.amazon.com/s?i=fashion-novelty&rh=p_6%3AATVPDKIKX0DER&s=relevancerank&hidden-keywords=OT%20Support%20On%20The%20More%20Goose%20Occupational%20Therapy%20Therapist%20T-Shirt,5/24/2026
54,2,2026-05-21,"Retro Striped Occupational Therapy OT OTA COTA Therapist T-Shirt","Occupational Therapy Tee",B0H2JDBLHP,N/A,LOW,357,Poor,https://www.amazon.com/s?i=fashion-novelty&rh=p_6%3AATVPDKIKX0DER&s=relevancerank&hidden-keywords=Retro%20Striped%20Occupational%20Therapy%20OT%20OTA%20COTA%20Therapist%20T-Shirt,5/24/2026
55,2,2026-05-21,"Presume Competence Occupational Therapist OT Therapist T-Shirt","Occupational Therapy Month",B0H2HPS84G,N/A,LOW,372,Poor,https://www.amazon.com/s?i=fashion-novelty&rh=p_6%3AATVPDKIKX0DER&s=relevancerank&hidden-keywords=Presume%20Competence%20Occupational%20Therapist%20OT%20Therapist%20T-Shirt,5/24/2026
56,2,2026-05-21,"Presume Competence Occupational Therapist OT Therapist T-Shirt","Groovy Occupational Therapy Month",B0H2HXMHDM,N/A,LOW,377,Poor,https://www.amazon.com/s?i=fashion-novelty&rh=p_6%3AATVPDKIKX0DER&s=relevancerank&hidden-keywords=Presume%20Competence%20Occupational%20Therapist%20OT%20Therapist%20T-Shirt,5/24/2026
57,2,2026-05-21,"OT Goose Fine Motor Skills Therapy Occupational Therapist T-Shirt","Fine Motor Skills Therapy Gift",B0H2J87GXQ,N/A,LOW,378,Poor,https://www.amazon.com/s?i=fashion-novelty&rh=p_6%3AATVPDKIKX0DER&s=relevancerank&hidden-keywords=OT%20Goose%20Fine%20Motor%20Skills%20Therapy%20Occupational%20Therapist%20T-Shirt,5/24/2026
58,2,2025-08-17,"Licensed OTA Certified Silly Goose Occupational Therapy T-Shirt","FUnny Trendy gift tee",B0H2CW1PQV,4206484,LOW,380,Poor,https://www.amazon.com/s?i=fashion-novelty&rh=p_6%3AATVPDKIKX0DER&s=relevancerank&hidden-keywords=Licensed%20OTA%20Certified%20Silly%20Goose%20Occupational%20Therapy%20T-Shirt,5/24/2026
59,2,2026-05-22,"Doing My ADLs OTA Life Occupational Therapy Assistant T-Shirt","Funny Occupational Therapist Assistant OTA",B0H2N18NTY,N/A,LOW,386,Poor,https://www.amazon.com/s?i=fashion-novelty&rh=p_6%3AATVPDKIKX0DER&s=relevancerank&hidden-keywords=Doing%20My%20ADLs%20OTA%20Life%20Occupational%20Therapy%20Assistant%20T-Shirt,5/24/2026
60,2,2026-05-22,"Doing My ADLs OTA Life Occupational Therapy Assistant T-Shirt","Funny Occupational Therapist Assistant OTA",B0H2MJYPJH,N/A,LOW,386,Poor,https://www.amazon.com/s?i=fashion-novelty&rh=p_6%3AATVPDKIKX0DER&s=relevancerank&hidden-keywords=Doing%20My%20ADLs%20OTA%20Life%20Occupational%20Therapy%20Assistant%20T-Shirt,5/24/2026
61,2,2026-05-22,"OTA Occupational Therapy Assistant Flowers OT Assistant T-Shirt","OTA Occupational Therapist Assistant Groovy",B0H2N8CSQS,N/A,LOW,392,Poor,https://www.amazon.com/s?i=fashion-novelty&rh=p_6%3AATVPDKIKX0DER&s=relevancerank&hidden-keywords=OTA%20Occupational%20Therapy%20Assistant%20Flowers%20OT%20Assistant%20T-Shirt,5/24/2026
62,2,2026-05-22,"OTA Occupational Therapy Assistant Flowers OT Assistant T-Shirt","OTA Occupational Therapist Assistant Groovy",B0H2MSHFHP,N/A,LOW,392,Poor,https://www.amazon.com/s?i=fashion-novelty&rh=p_6%3AATVPDKIKX0DER&s=relevancerank&hidden-keywords=OTA%20Occupational%20Therapy%20Assistant%20Flowers%20OT%20Assistant%20T-Shirt,5/24/2026
63,2,2026-05-23,"Funny Occupational Therapist is My Jam Pediatric Therapy T-Shirt","Pediatric Occupational Therapist OT Designs",B0H2R4Q4DP,N/A,LOW,395,Poor,https://www.amazon.com/s?i=fashion-novelty&rh=p_6%3AATVPDKIKX0DER&s=relevancerank&hidden-keywords=Funny%20Occupational%20Therapist%20is%20My%20Jam%20Pediatric%20Therapy%20T-Shirt,5/24/2026
64,2,2026-05-23,"Funny Occupational Therapist is My Jam Pediatric Therapy T-Shirt","Pediatric Occupational Therapist OT Designs",B0H2R3M4R5,N/A,LOW,395,Poor,https://www.amazon.com/s?i=fashion-novelty&rh=p_6%3AATVPDKIKX0DER&s=relevancerank&hidden-keywords=Funny%20Occupational%20Therapist%20is%20My%20Jam%20Pediatric%20Therapy%20T-Shirt,5/24/2026
65,2,2026-05-23,"Funny Occupational Therapist is My Jam Pediatric Therapy T-Shirt","Pediatric Occupational Therapist OT Designs",B0H2QYJKD1,N/A,LOW,395,Poor,https://www.amazon.com/s?i=fashion-novelty&rh=p_6%3AATVPDKIKX0DER&s=relevancerank&hidden-keywords=Funny%20Occupational%20Therapist%20is%20My%20Jam%20Pediatric%20Therapy%20T-Shirt,5/24/2026
66,2,2026-05-22,"Fine Motor Promoter Occupational Therapists Teachers Parent T-Shirt","Fine Motor Promoter Therapy Apparel & Merch",B0H2NHST1V,N/A,LOW,402,Poor,https://www.amazon.com/s?i=fashion-novelty&rh=p_6%3AATVPDKIKX0DER&s=relevancerank&hidden-keywords=Fine%20Motor%20Promoter%20Occupational%20Therapists%20Teachers%20Parent%20T-Shirt,5/24/2026
67,2,2026-05-22,"Fine Motor Promoter Occupational Therapists Teachers Parent T-Shirt","Fine Motor Promoter Therapy Apparel & Merch",B0H2NHRTKN,N/A,LOW,402,Poor,https://www.amazon.com/s?i=fashion-novelty&rh=p_6%3AATVPDKIKX0DER&s=relevancerank&hidden-keywords=Fine%20Motor%20Promoter%20Occupational%20Therapists%20Teachers%20Parent%20T-Shirt,5/24/2026
68,2,2026-05-22,"Fine Motor Promoter Occupational Therapists Teachers Parent T-Shirt","Fine Motor Promoter Therapy Apparel & Merch",B0H2NV9P7Z,N/A,LOW,402,Poor,https://www.amazon.com/s?i=fashion-novelty&rh=p_6%3AATVPDKIKX0DER&s=relevancerank&hidden-keywords=Fine%20Motor%20Promoter%20Occupational%20Therapists%20Teachers%20Parent%20T-Shirt,5/24/2026
69,2,2026-05-22,"Fine Motor Promoter Occupational Therapists Teachers Parent T-Shirt","Fine Motor Promoter Therapy Apparel & Merch",B0H2NQHBHF,N/A,LOW,402,Poor,https://www.amazon.com/s?i=fashion-novelty&rh=p_6%3AATVPDKIKX0DER&s=relevancerank&hidden-keywords=Fine%20Motor%20Promoter%20Occupational%20Therapists%20Teachers%20Parent%20T-Shirt,5/24/2026
70,2,2026-05-21,"Fine Motor Promoter Occupational Therapists Teachers Parent T-Shirt","Fine Motor Promoter Therapy Apparel & Merch",B0H2J3W144,N/A,LOW,402,Poor,https://www.amazon.com/s?i=fashion-novelty&rh=p_6%3AATVPDKIKX0DER&s=relevancerank&hidden-keywords=Fine%20Motor%20Promoter%20Occupational%20Therapists%20Teachers%20Parent%20T-Shirt,5/24/2026
71,2,2026-05-21,"Fine Motor Promoter Occupational Therapists Teachers Parent T-Shirt","Fine Motor Promoter Therapy Apparel & Merch",B0H2J2GQNB,N/A,LOW,402,Poor,https://www.amazon.com/s?i=fashion-novelty&rh=p_6%3AATVPDKIKX0DER&s=relevancerank&hidden-keywords=Fine%20Motor%20Promoter%20Occupational%20Therapists%20Teachers%20Parent%20T-Shirt,5/24/2026
72,2,2026-05-21,"Fine Motor Promoter Occupational Therapists Teachers Parent T-Shirt","Fine Motor Promoter Therapy Apparel & Merch",B0H2HXLPZC,N/A,LOW,402,Poor,https://www.amazon.com/s?i=fashion-novelty&rh=p_6%3AATVPDKIKX0DER&s=relevancerank&hidden-keywords=Fine%20Motor%20Promoter%20Occupational%20Therapists%20Teachers%20Parent%20T-Shirt,5/24/2026
73,2,2026-05-23,"Ask Me About Occupational Therapy OT Design T-Shirt","Mademark",B0H2PHSVPH,N/A,LOW,407,Poor,https://www.amazon.com/s?i=fashion-novelty&rh=p_6%3AATVPDKIKX0DER&s=relevancerank&hidden-keywords=Ask%20Me%20About%20Occupational%20Therapy%20OT%20Design%20T-Shirt,5/24/2026
74,2,2026-05-23,"Born to Be an OT Occupational Therapy Design T-Shirt","Mademark",B0H2PNR27C,N/A,LOW,412,Poor,https://www.amazon.com/s?i=fashion-novelty&rh=p_6%3AATVPDKIKX0DER&s=relevancerank&hidden-keywords=Born%20to%20Be%20an%20OT%20Occupational%20Therapy%20Design%20T-Shirt,5/24/2026
75,2,2026-05-04,"Occupational Therapist Off Duty Funny OT Design T-Shirt","Mademark",B0GZHL2RFS,N/A,LOW,426,Poor,https://www.amazon.com/s?i=fashion-novelty&rh=p_6%3AATVPDKIKX0DER&s=relevancerank&hidden-keywords=Occupational%20Therapist%20Off%20Duty%20Funny%20OT%20Design%20T-Shirt,5/24/2026
76,2,2026-05-22,"Fine Motor OTA Occupational Therapy Assistant OT Assistant T-Shirt","Groovy OTA Occupational Therapist Assistant",B0H2MNCQH7,N/A,LOW,428,Poor,https://www.amazon.com/s?i=fashion-novelty&rh=p_6%3AATVPDKIKX0DER&s=relevancerank&hidden-keywords=Fine%20Motor%20OTA%20Occupational%20Therapy%20Assistant%20OT%20Assistant%20T-Shirt,5/24/2026
77,2,2026-05-22,"Fine Motor OTA Occupational Therapy Assistant OT Assistant T-Shirt","Groovy OTA Occupational Therapist Assistant",B0H2ML4ZY6,N/A,LOW,428,Poor,https://www.amazon.com/s?i=fashion-novelty&rh=p_6%3AATVPDKIKX0DER&s=relevancerank&hidden-keywords=Fine%20Motor%20OTA%20Occupational%20Therapy%20Assistant%20OT%20Assistant%20T-Shirt,5/24/2026
78,2,2026-05-22,"Occupational Therapy Helping Everyone Occupational Therapist T-Shirt","Occupational Therapy Month For OT Therapist",B0H2NPH1M5,N/A,LOW,430,Poor,https://www.amazon.com/s?i=fashion-novelty&rh=p_6%3AATVPDKIKX0DER&s=relevancerank&hidden-keywords=Occupational%20Therapy%20Helping%20Everyone%20Occupational%20Therapist%20T-Shirt,5/24/2026
79,2,2026-05-21,"Retro Sensory System Occupational Therapy OT Therapist Month T-Shirt","Sensory System Therapy Squad OT Assistant OTA",B0H2HQC3BR,N/A,LOW,435,Poor,https://www.amazon.com/s?i=fashion-novelty&rh=p_6%3AATVPDKIKX0DER&s=relevancerank&hidden-keywords=Retro%20Sensory%20System%20Occupational%20Therapy%20OT%20Therapist%20Month%20T-Shirt,5/24/2026
80,2,2026-05-19,"Therapy Crew Occupational Therapist Week Squad T-Shirt","Matching Retro Therapy Physical Therapist Team",B0H2B81H4Y,N/A,LOW,450,Poor,https://www.amazon.com/s?i=fashion-novelty&rh=p_6%3AATVPDKIKX0DER&s=relevancerank&hidden-keywords=Therapy%20Crew%20Occupational%20Therapist%20Week%20Squad%20T-Shirt,5/24/2026
81,2,2026-05-22,"OTA Occupational Therapy Assistant Boho OT Assistant T-Shirt","Boho OTA Occupational Therapist Assistant",B0H2MQTHDR,N/A,LOW,466,Poor,https://www.amazon.com/s?i=fashion-novelty&rh=p_6%3AATVPDKIKX0DER&s=relevancerank&hidden-keywords=OTA%20Occupational%20Therapy%20Assistant%20Boho%20OT%20Assistant%20T-Shirt,5/24/2026
82,2,2026-05-22,"OTA Occupational Therapy Assistant Boho OT Assistant T-Shirt","Boho OTA Occupational Therapist Assistant",B0H2MF4NX8,N/A,LOW,466,Poor,https://www.amazon.com/s?i=fashion-novelty&rh=p_6%3AATVPDKIKX0DER&s=relevancerank&hidden-keywords=OTA%20Occupational%20Therapy%20Assistant%20Boho%20OT%20Assistant%20T-Shirt,5/24/2026
83,2,2026-05-22,"OTA Squad Occupational Therapy Assistant Team OT Assistant T-Shirt","Occupational Therapist Assistant OTA Crew",B0H2NF4WJ7,N/A,LOW,467,Poor,https://www.amazon.com/s?i=fashion-novelty&rh=p_6%3AATVPDKIKX0DER&s=relevancerank&hidden-keywords=OTA%20Squad%20Occupational%20Therapy%20Assistant%20Team%20OT%20Assistant%20T-Shirt,5/24/2026
84,2,2026-05-22,"OTA Squad Occupational Therapy Assistant Team OT Assistant T-Shirt","Groovy Occupational Therapist Assistant OTA Crew",B0H2N3X8G2,N/A,LOW,467,Poor,https://www.amazon.com/s?i=fashion-novelty&rh=p_6%3AATVPDKIKX0DER&s=relevancerank&hidden-keywords=OTA%20Squad%20Occupational%20Therapy%20Assistant%20Team%20OT%20Assistant%20T-Shirt,5/24/2026
85,2,2026-05-22,"OTA Squad Occupational Therapy Assistant Team OT Assistant T-Shirt","Groovy Occupational Therapist Assistant OTA Crew",B0H2MXQ1RV,N/A,LOW,467,Poor,https://www.amazon.com/s?i=fashion-novelty&rh=p_6%3AATVPDKIKX0DER&s=relevancerank&hidden-keywords=OTA%20Squad%20Occupational%20Therapy%20Assistant%20Team%20OT%20Assistant%20T-Shirt,5/24/2026
86,2,2026-05-22,"OTA Squad Occupational Therapy Assistant Team OT Assistant T-Shirt","Groovy Occupational Therapist Assistant OTA Crew",B0H2MGDFKP,N/A,LOW,467,Poor,https://www.amazon.com/s?i=fashion-novelty&rh=p_6%3AATVPDKIKX0DER&s=relevancerank&hidden-keywords=OTA%20Squad%20Occupational%20Therapy%20Assistant%20Team%20OT%20Assistant%20T-Shirt,5/24/2026
87,2,2026-01-29,"Superhero & Occupational Therapist OT Occupational Therapy T-Shirt","Occupational Therapy OT Occupational Therapist",B0H2NGJYP4,2621197,MEDIUM,510,Poor,https://www.amazon.com/s?i=fashion-novelty&rh=p_6%3AATVPDKIKX0DER&s=relevancerank&hidden-keywords=Superhero%20%26%20Occupational%20Therapist%20OT%20Occupational%20Therapy%20T-Shirt,5/24/2026
88,2,2026-05-23,"OT Makes It Happen Occupational Therapy Design T-Shirt","Mademark",B0H2PKDYBH,N/A,MEDIUM,529,Poor,https://www.amazon.com/s?i=fashion-novelty&rh=p_6%3AATVPDKIKX0DER&s=relevancerank&hidden-keywords=OT%20Makes%20It%20Happen%20Occupational%20Therapy%20Design%20T-Shirt,5/24/2026
89,2,2026-05-22,"OTA Appreciation Occupational Therapist Assistant Groovy T-Shirt","Groovy OT Assistant Occupational Therapy Assistant",B0H2MV2GWC,N/A,MEDIUM,536,Poor,https://www.amazon.com/s?i=fashion-novelty&rh=p_6%3AATVPDKIKX0DER&s=relevancerank&hidden-keywords=OTA%20Appreciation%20Occupational%20Therapist%20Assistant%20Groovy%20T-Shirt,5/24/2026
90,2,2026-05-22,"OTA Appreciation Occupational Therapist Assistant Groovy T-Shirt","Groovy OT Assistant Occupational Therapy Assistant",B0H2N54ZJ9,N/A,MEDIUM,536,Poor,https://www.amazon.com/s?i=fashion-novelty&rh=p_6%3AATVPDKIKX0DER&s=relevancerank&hidden-keywords=OTA%20Appreciation%20Occupational%20Therapist%20Assistant%20Groovy%20T-Shirt,5/24/2026
91,2,2026-05-22,"OTA Appreciation Occupational Therapist Assistant Groovy T-Shirt","Groovy OT Assistant Occupational Therapy Assistant",B0H2MLW5SM,N/A,MEDIUM,536,Poor,https://www.amazon.com/s?i=fashion-novelty&rh=p_6%3AATVPDKIKX0DER&s=relevancerank&hidden-keywords=OTA%20Appreciation%20Occupational%20Therapist%20Assistant%20Groovy%20T-Shirt,5/24/2026
92,2,2026-05-22,"OTA Boho Occupational Therapy Assistant OT Assistant T-Shirt","Boho OTA Occupational Therapist Assistant",B0H2N66M91,N/A,MEDIUM,553,Poor,https://www.amazon.com/s?i=fashion-novelty&rh=p_6%3AATVPDKIKX0DER&s=relevancerank&hidden-keywords=OTA%20Boho%20Occupational%20Therapy%20Assistant%20OT%20Assistant%20T-Shirt,5/24/2026
93,2,2026-05-22,"OTA Boho Occupational Therapy Assistant OT Assistant T-Shirt","Boho Occupational Therapist Assistant OTA",B0H2N9Z176,N/A,MEDIUM,553,Poor,https://www.amazon.com/s?i=fashion-novelty&rh=p_6%3AATVPDKIKX0DER&s=relevancerank&hidden-keywords=OTA%20Boho%20Occupational%20Therapy%20Assistant%20OT%20Assistant%20T-Shirt,5/24/2026
94,2,2026-05-22,"OTA Boho Occupational Therapy Assistant OT Assistant T-Shirt","Boho Occupational Therapist Assistant OTA",B0H2MXV3ML,N/A,MEDIUM,553,Poor,https://www.amazon.com/s?i=fashion-novelty&rh=p_6%3AATVPDKIKX0DER&s=relevancerank&hidden-keywords=OTA%20Boho%20Occupational%20Therapy%20Assistant%20OT%20Assistant%20T-Shirt,5/24/2026
95,2,2026-05-22,"OTA Boho Occupational Therapy Assistant OT Assistant T-Shirt","Boho Occupational Therapist Assistant OTA",B0H2MLXLYD,N/A,MEDIUM,553,Poor,https://www.amazon.com/s?i=fashion-novelty&rh=p_6%3AATVPDKIKX0DER&s=relevancerank&hidden-keywords=OTA%20Boho%20Occupational%20Therapy%20Assistant%20OT%20Assistant%20T-Shirt,5/24/2026
96,2,2026-05-22,"OTA Boho Occupational Therapy Assistant OT Assistant T-Shirt","Boho Occupational Therapist Assistant OTA",B0H2MJ8ZTG,N/A,MEDIUM,553,Poor,https://www.amazon.com/s?i=fashion-novelty&rh=p_6%3AATVPDKIKX0DER&s=relevancerank&hidden-keywords=OTA%20Boho%20Occupational%20Therapy%20Assistant%20OT%20Assistant%20T-Shirt,5/24/2026
97,2,2026-05-22,"Occupational Therapy Assistant OT Assistant Boho OTA T-Shirt","Boho OTA Occupational Therapist Assistant",B0H2N3G3QN,N/A,MEDIUM,557,Poor,https://www.amazon.com/s?i=fashion-novelty&rh=p_6%3AATVPDKIKX0DER&s=relevancerank&hidden-keywords=Occupational%20Therapy%20Assistant%20OT%20Assistant%20Boho%20OTA%20T-Shirt,5/24/2026
98,2,2026-05-22,"Occupational Therapy Assistant OT Assistant Boho OTA T-Shirt","Boho OTA Occupational Therapist Assistant",B0H2MVC6ZF,N/A,MEDIUM,557,Poor,https://www.amazon.com/s?i=fashion-novelty&rh=p_6%3AATVPDKIKX0DER&s=relevancerank&hidden-keywords=Occupational%20Therapy%20Assistant%20OT%20Assistant%20Boho%20OTA%20T-Shirt,5/24/2026
99,2,2026-05-23,"Occupational Therapy Saved Me OT Design T-Shirt","Mademark",B0H2PMBDJN,N/A,MEDIUM,575,Poor,https://www.amazon.com/s?i=fashion-novelty&rh=p_6%3AATVPDKIKX0DER&s=relevancerank&hidden-keywords=Occupational%20Therapy%20Saved%20Me%20OT%20Design%20T-Shirt,5/24/2026
100,2,2026-05-22,"Groovy OTA Occupational Therapy Assistant Appreciation T-Shirt","Occupational Therapist Assistant OT Assistant",B0H2N37G3Z,N/A,MEDIUM,585,Poor,https://www.amazon.com/s?i=fashion-novelty&rh=p_6%3AATVPDKIKX0DER&s=relevancerank&hidden-keywords=Groovy%20OTA%20Occupational%20Therapy%20Assistant%20Appreciation%20T-Shirt,5/24/2026
101,2,2026-05-22,"Groovy OTA Occupational Therapy Assistant Appreciation T-Shirt","Occupational Therapist Assistant OT Assistant",B0H2N1V24W,N/A,MEDIUM,585,Poor,https://www.amazon.com/s?i=fashion-novelty&rh=p_6%3AATVPDKIKX0DER&s=relevancerank&hidden-keywords=Groovy%20OTA%20Occupational%20Therapy%20Assistant%20Appreciation%20T-Shirt,5/24/2026
102,2,2026-05-22,"OTA Life OT Assistant Occupational Therapy Assistant T-Shirt","OTA Occupational Therapist Assistant",B0H2MSCPSC,N/A,MEDIUM,586,Poor,https://www.amazon.com/s?i=fashion-novelty&rh=p_6%3AATVPDKIKX0DER&s=relevancerank&hidden-keywords=OTA%20Life%20OT%20Assistant%20Occupational%20Therapy%20Assistant%20T-Shirt,5/24/2026
103,2,2026-05-22,"OTA Life OT Assistant Occupational Therapy Assistant T-Shirt","OTA Occupational Therapist Assistant",B0H2MST1RY,N/A,MEDIUM,586,Poor,https://www.amazon.com/s?i=fashion-novelty&rh=p_6%3AATVPDKIKX0DER&s=relevancerank&hidden-keywords=OTA%20Life%20OT%20Assistant%20Occupational%20Therapy%20Assistant%20T-Shirt,5/24/2026
104,2,2026-05-21,"Occupational Therapist Coffee Occupational Therapy T-Shirt","Funny Occupational Therapy Month For OT Therapist",B0H2HY8GWF,N/A,MEDIUM,599,Poor,https://www.amazon.com/s?i=fashion-novelty&rh=p_6%3AATVPDKIKX0DER&s=relevancerank&hidden-keywords=Occupational%20Therapist%20Coffee%20Occupational%20Therapy%20T-Shirt,5/24/2026
105,2,2026-05-21,"Occupational Therapist Coffee Occupational Therapy T-Shirt","Funny Occupational Therapy Month For OT Therapist",B0H2HJ2TPR,N/A,MEDIUM,599,Poor,https://www.amazon.com/s?i=fashion-novelty&rh=p_6%3AATVPDKIKX0DER&s=relevancerank&hidden-keywords=Occupational%20Therapist%20Coffee%20Occupational%20Therapy%20T-Shirt,5/24/2026
106,2,2026-05-21,"Fine Motor Occupational Therapist Occupational Therapy T-Shirt","Groovy Occupational Therapy Month For OT Therapist",B0H2HTJ744,N/A,MEDIUM,601,Poor,https://www.amazon.com/s?i=fashion-novelty&rh=p_6%3AATVPDKIKX0DER&s=relevancerank&hidden-keywords=Fine%20Motor%20Occupational%20Therapist%20Occupational%20Therapy%20T-Shirt,5/24/2026
107,2,2026-05-22,"OTA Life Occupational Therapy Assistant OT Assistant T-Shirt","Funny Occupational Therapist Assistant OTA",B0H2ML3V14,N/A,MEDIUM,609,Poor,https://www.amazon.com/s?i=fashion-novelty&rh=p_6%3AATVPDKIKX0DER&s=relevancerank&hidden-keywords=OTA%20Life%20Occupational%20Therapy%20Assistant%20OT%20Assistant%20T-Shirt,5/24/2026
108,2,2026-05-22,"OTA Life Occupational Therapy Assistant OT Assistant T-Shirt","Funny Occupational Therapist Assistant OTA",B0H2M89JP8,N/A,MEDIUM,609,Poor,https://www.amazon.com/s?i=fashion-novelty&rh=p_6%3AATVPDKIKX0DER&s=relevancerank&hidden-keywords=OTA%20Life%20Occupational%20Therapy%20Assistant%20OT%20Assistant%20T-Shirt,5/24/2026
109,2,2026-05-21,"Fine Motor Occupational Therapist Occupational Therapy T-Shirt","Groovy Occupational Therapy Month For OT Therapist",B0H2J5J3DW,N/A,MEDIUM,614,Poor,https://www.amazon.com/s?i=fashion-novelty&rh=p_6%3AATVPDKIKX0DER&s=relevancerank&hidden-keywords=Fine%20Motor%20Occupational%20Therapist%20Occupational%20Therapy%20T-Shirt,5/24/2026
110,2,2026-05-22,"Groovy OTA Appreciation Occupational Therapy Assistant T-Shirt","OT Assistant Occupational Therapist Assistant",B0H2N5KLF4,N/A,MEDIUM,617,Poor,https://www.amazon.com/s?i=fashion-novelty&rh=p_6%3AATVPDKIKX0DER&s=relevancerank&hidden-keywords=Groovy%20OTA%20Appreciation%20Occupational%20Therapy%20Assistant%20T-Shirt,5/24/2026
111,2,2026-05-22,"Groovy OTA Appreciation Occupational Therapy Assistant T-Shirt","OT Assistant Occupational Therapist Assistant",B0H2N627YK,N/A,MEDIUM,617,Poor,https://www.amazon.com/s?i=fashion-novelty&rh=p_6%3AATVPDKIKX0DER&s=relevancerank&hidden-keywords=Groovy%20OTA%20Appreciation%20Occupational%20Therapy%20Assistant%20T-Shirt,5/24/2026
112,2,2026-05-22,"Groovy OTA Appreciation Occupational Therapy Assistant T-Shirt","OT Assistant Occupational Therapist Assistant",B0H2MW6VZ8,N/A,MEDIUM,617,Poor,https://www.amazon.com/s?i=fashion-novelty&rh=p_6%3AATVPDKIKX0DER&s=relevancerank&hidden-keywords=Groovy%20OTA%20Appreciation%20Occupational%20Therapy%20Assistant%20T-Shirt,5/24/2026
113,2,2026-05-22,"Groovy OTA Appreciation Occupational Therapy Assistant T-Shirt","OT Assistant Occupational Therapist Assistant",B0H2MDYR8Q,N/A,MEDIUM,617,Poor,https://www.amazon.com/s?i=fashion-novelty&rh=p_6%3AATVPDKIKX0DER&s=relevancerank&hidden-keywords=Groovy%20OTA%20Appreciation%20Occupational%20Therapy%20Assistant%20T-Shirt,5/24/2026
114,2,2026-05-22,"Occupational Therapist Assistant Appreciation OT Assistant T-Shirt","Groovy Occupational Therapy Assistant OTA",B0H2N4P9LM,N/A,MEDIUM,621,Poor,https://www.amazon.com/s?i=fashion-novelty&rh=p_6%3AATVPDKIKX0DER&s=relevancerank&hidden-keywords=Occupational%20Therapist%20Assistant%20Appreciation%20OT%20Assistant%20T-Shirt,5/24/2026
115,2,2026-05-22,"Occupational Therapist Assistant Appreciation OT Assistant T-Shirt","Best Occupational Therapy Assistant OTA",B0H2MW3X8B,N/A,MEDIUM,621,Poor,https://www.amazon.com/s?i=fashion-novelty&rh=p_6%3AATVPDKIKX0DER&s=relevancerank&hidden-keywords=Occupational%20Therapist%20Assistant%20Appreciation%20OT%20Assistant%20T-Shirt,5/24/2026
116,2,2026-05-22,"Occupational Therapist Assistant Best OT Assistant OTA T-Shirt","Best OTA Occupational Therapy Assistant",B0H2N6LYJ7,N/A,MEDIUM,623,Poor,https://www.amazon.com/s?i=fashion-novelty&rh=p_6%3AATVPDKIKX0DER&s=relevancerank&hidden-keywords=Occupational%20Therapist%20Assistant%20Best%20OT%20Assistant%20OTA%20T-Shirt,5/24/2026
117,2,2026-05-22,"Occupational Therapist Assistant Best OT Assistant OTA T-Shirt","Best OTA Occupational Therapy Assistant",B0H2MQRDW9,N/A,MEDIUM,623,Poor,https://www.amazon.com/s?i=fashion-novelty&rh=p_6%3AATVPDKIKX0DER&s=relevancerank&hidden-keywords=Occupational%20Therapist%20Assistant%20Best%20OT%20Assistant%20OTA%20T-Shirt,5/24/2026
118,2,2026-05-22,"Occupational Therapy Assistant OTA Appreciation OT Assistant T-Shirt","Best OTA Occupational Therapist Assistant",B0H2NBTLPF,N/A,MEDIUM,643,Poor,https://www.amazon.com/s?i=fashion-novelty&rh=p_6%3AATVPDKIKX0DER&s=relevancerank&hidden-keywords=Occupational%20Therapy%20Assistant%20OTA%20Appreciation%20OT%20Assistant%20T-Shirt,5/24/2026
119,2,2026-05-22,"Occupational Therapy Assistant OTA Appreciation OT Assistant T-Shirt","Best OTA Occupational Therapist Assistant",B0H2MHPR7J,N/A,MEDIUM,643,Poor,https://www.amazon.com/s?i=fashion-novelty&rh=p_6%3AATVPDKIKX0DER&s=relevancerank&hidden-keywords=Occupational%20Therapy%20Assistant%20OTA%20Appreciation%20OT%20Assistant%20T-Shirt,5/24/2026
120,2,2026-05-22,"OTA Funny Occupational Therapy Assistant OT Assistant T-Shirt","Funny Occupational Therapist Assistant OTA",B0H2N79Y16,N/A,MEDIUM,649,Poor,https://www.amazon.com/s?i=fashion-novelty&rh=p_6%3AATVPDKIKX0DER&s=relevancerank&hidden-keywords=OTA%20Funny%20Occupational%20Therapy%20Assistant%20OT%20Assistant%20T-Shirt,5/24/2026
121,2,2026-05-22,"Occupational Therapy Assistant OTA Best OT Assistant T-Shirt","OTA Occupational Therapist Assistant",B0H2NJ2BSN,N/A,MEDIUM,719,Poor,https://www.amazon.com/s?i=fashion-novelty&rh=p_6%3AATVPDKIKX0DER&s=relevancerank&hidden-keywords=Occupational%20Therapy%20Assistant%20OTA%20Best%20OT%20Assistant%20T-Shirt,5/24/2026
122,2,2026-05-22,"Occupational Therapy Assistant OTA Best OT Assistant T-Shirt","OTA Occupational Therapist Assistant",B0H2N3W6S7,N/A,MEDIUM,719,Poor,https://www.amazon.com/s?i=fashion-novelty&rh=p_6%3AATVPDKIKX0DER&s=relevancerank&hidden-keywords=Occupational%20Therapy%20Assistant%20OTA%20Best%20OT%20Assistant%20T-Shirt,5/24/2026
123,2,2026-05-22,"Best OTA Appreciation Occupational Therapist Assistant T-Shirt","Best OT Assistant Occupational Therapy Assistant",B0H2MWMD7Y,N/A,MEDIUM,742,Poor,https://www.amazon.com/s?i=fashion-novelty&rh=p_6%3AATVPDKIKX0DER&s=relevancerank&hidden-keywords=Best%20OTA%20Appreciation%20Occupational%20Therapist%20Assistant%20T-Shirt,5/24/2026
124,2,2026-05-21,"Doing My ADLs Occupational Therapist Occupational Therapy T-Shirt","Funny Occupational Therapy Month For OT Therapist",B0H2HT4MBF,N/A,MEDIUM,779,Poor,https://www.amazon.com/s?i=fashion-novelty&rh=p_6%3AATVPDKIKX0DER&s=relevancerank&hidden-keywords=Doing%20My%20ADLs%20Occupational%20Therapist%20Occupational%20Therapy%20T-Shirt,5/24/2026
125,2,2026-05-21,"Doing My ADLs Occupational Therapist Occupational Therapy T-Shirt","Funny Occupational Therapy Month For OT Therapist",B0H2JB971Q,N/A,MEDIUM,780,Poor,https://www.amazon.com/s?i=fashion-novelty&rh=p_6%3AATVPDKIKX0DER&s=relevancerank&hidden-keywords=Doing%20My%20ADLs%20Occupational%20Therapist%20Occupational%20Therapy%20T-Shirt,5/24/2026
126,2,2026-05-22,"OTA Occupational Therapist Assistant Groovy OT Assistant T-Shirt","Occupational Therapy Assistant OTA Groovy",B0H2MX6W51,N/A,MEDIUM,784,Poor,https://www.amazon.com/s?i=fashion-novelty&rh=p_6%3AATVPDKIKX0DER&s=relevancerank&hidden-keywords=OTA%20Occupational%20Therapist%20Assistant%20Groovy%20OT%20Assistant%20T-Shirt,5/24/2026
127,2,2026-05-22,"OTA Occupational Therapy Assistant Groovy OT Assistant T-Shirt","Groovy Occupational Therapist Assistant OTA",B0H2MT9Z9X,N/A,MEDIUM,810,Poor,https://www.amazon.com/s?i=fashion-novelty&rh=p_6%3AATVPDKIKX0DER&s=relevancerank&hidden-keywords=OTA%20Occupational%20Therapy%20Assistant%20Groovy%20OT%20Assistant%20T-Shirt,5/24/2026
128,2,2026-05-22,"Occupational Therapy Assistant Groovy OT Assistant OTA T-Shirt","Groovy Occupational Therapist Assistant OTA",B0H2MWJ4KW,N/A,MEDIUM,834,Poor,https://www.amazon.com/s?i=fashion-novelty&rh=p_6%3AATVPDKIKX0DER&s=relevancerank&hidden-keywords=Occupational%20Therapy%20Assistant%20Groovy%20OT%20Assistant%20OTA%20T-Shirt,5/24/2026
129,2,2026-05-22,"Occupational Therapy Assistant Groovy OT Assistant OTA T-Shirt","Groovy Occupational Therapist Assistant OTA",B0H2MYBXCP,N/A,MEDIUM,834,Poor,https://www.amazon.com/s?i=fashion-novelty&rh=p_6%3AATVPDKIKX0DER&s=relevancerank&hidden-keywords=Occupational%20Therapy%20Assistant%20Groovy%20OT%20Assistant%20OTA%20T-Shirt,5/24/2026
130,2,2026-05-21,"It's an OT Day Occupational Therapy Occupational Therapist T-Shirt","Funny Occupational Therapy Month For OT Therapist",B0H2JD5ZT6,N/A,MEDIUM,845,Poor,https://www.amazon.com/s?i=fashion-novelty&rh=p_6%3AATVPDKIKX0DER&s=relevancerank&hidden-keywords=It's%20an%20OT%20Day%20Occupational%20Therapy%20Occupational%20Therapist%20T-Shirt,5/24/2026
131,2,2026-05-21,"It's an OT Day Occupational Therapy Occupational Therapist T-Shirt","Groovy Occupational Therapy Month For OT Therapist",B0H2J3P9MR,N/A,MEDIUM,850,Poor,https://www.amazon.com/s?i=fashion-novelty&rh=p_6%3AATVPDKIKX0DER&s=relevancerank&hidden-keywords=It's%20an%20OT%20Day%20Occupational%20Therapy%20Occupational%20Therapist%20T-Shirt,5/24/2026
132,2,2026-05-22,"OTA Occupational Therapy Assistant OT Assistant Groovy T-Shirt","Groovy OTA Occupational Therapist Assistant",B0H2MT5Z9R,N/A,MEDIUM,855,Poor,https://www.amazon.com/s?i=fashion-novelty&rh=p_6%3AATVPDKIKX0DER&s=relevancerank&hidden-keywords=OTA%20Occupational%20Therapy%20Assistant%20OT%20Assistant%20Groovy%20T-Shirt,5/24/2026
133,2,2026-05-21,"Occupational Therapy Best Occupational Therapist T-Shirt","Best OT Therapist Occupational Therapy Month",B0H2HS67D1,N/A,MEDIUM,863,Poor,https://www.amazon.com/s?i=fashion-novelty&rh=p_6%3AATVPDKIKX0DER&s=relevancerank&hidden-keywords=Occupational%20Therapy%20Best%20Occupational%20Therapist%20T-Shirt,5/24/2026
134,2,2026-05-21,"OT Occupational Therapist OT Therapist Occupational Therapy T-Shirt","Occupational Therapy Month Occupational Therapist",B0H2JCF4HC,N/A,MEDIUM,864,Poor,https://www.amazon.com/s?i=fashion-novelty&rh=p_6%3AATVPDKIKX0DER&s=relevancerank&hidden-keywords=OT%20Occupational%20Therapist%20OT%20Therapist%20Occupational%20Therapy%20T-Shirt,5/24/2026
135,2,2026-05-21,"Occupational Therapy Occupational Therapist Appreciation T-Shirt","Occupational Therapy Month For Best OT Therapist",B0H2HZVJ1M,N/A,MEDIUM,864,Poor,https://www.amazon.com/s?i=fashion-novelty&rh=p_6%3AATVPDKIKX0DER&s=relevancerank&hidden-keywords=Occupational%20Therapy%20Occupational%20Therapist%20Appreciation%20T-Shirt,5/24/2026
136,2,2026-05-21,"Occupational Therapy Occupational Therapist Appreciation T-Shirt","Groovy Occupational Therapy Month OT Therapist",B0H2HXLPMX,N/A,MEDIUM,864,Poor,https://www.amazon.com/s?i=fashion-novelty&rh=p_6%3AATVPDKIKX0DER&s=relevancerank&hidden-keywords=Occupational%20Therapy%20Occupational%20Therapist%20Appreciation%20T-Shirt,5/24/2026
137,2,2026-05-21,"Occupational Therapy Best Occupational Therapist T-Shirt","Best OT Therapist Occupational Therapy Month",B0H2JN1LLC,N/A,MEDIUM,866,Poor,https://www.amazon.com/s?i=fashion-novelty&rh=p_6%3AATVPDKIKX0DER&s=relevancerank&hidden-keywords=Occupational%20Therapy%20Best%20Occupational%20Therapist%20T-Shirt,5/24/2026
138,2,2026-05-21,"Occupational Therapy Occupational Therapist Appreciation T-Shirt","Groovy Occupational Therapy Month OT Therapist",B0H2JGL6KC,N/A,MEDIUM,867,Poor,https://www.amazon.com/s?i=fashion-novelty&rh=p_6%3AATVPDKIKX0DER&s=relevancerank&hidden-keywords=Occupational%20Therapy%20Occupational%20Therapist%20Appreciation%20T-Shirt,5/24/2026
139,2,2026-05-21,"Occupational Therapy Occupational Therapist Appreciation T-Shirt","Occupational Therapy Month For Best OT Therapist",B0H2J4JYZ5,N/A,MEDIUM,867,Poor,https://www.amazon.com/s?i=fashion-novelty&rh=p_6%3AATVPDKIKX0DER&s=relevancerank&hidden-keywords=Occupational%20Therapy%20Occupational%20Therapist%20Appreciation%20T-Shirt,5/24/2026
140,2,2026-05-21,"OT Occupational Therapy Occupational Therapist OT Therapist T-Shirt","Occupational Therapist Occupational Therapy Month",B0H2JDVFJH,N/A,MEDIUM,869,Poor,https://www.amazon.com/s?i=fashion-novelty&rh=p_6%3AATVPDKIKX0DER&s=relevancerank&hidden-keywords=OT%20Occupational%20Therapy%20Occupational%20Therapist%20OT%20Therapist%20T-Shirt,5/24/2026
141,2,2026-05-21,"OT Occupational Therapy Occupational Therapist OT Therapist T-Shirt","Occupational Therapist Occupational Therapy Month",B0H2J61947,N/A,MEDIUM,869,Poor,https://www.amazon.com/s?i=fashion-novelty&rh=p_6%3AATVPDKIKX0DER&s=relevancerank&hidden-keywords=OT%20Occupational%20Therapy%20Occupational%20Therapist%20OT%20Therapist%20T-Shirt,5/24/2026
142,2,2026-05-21,"OT Occupational Therapy Occupational Therapist OT Therapist T-Shirt","Occupational Therapist Occupational Therapy Month",B0H2J4RKXS,N/A,MEDIUM,869,Poor,https://www.amazon.com/s?i=fashion-novelty&rh=p_6%3AATVPDKIKX0DER&s=relevancerank&hidden-keywords=OT%20Occupational%20Therapy%20Occupational%20Therapist%20OT%20Therapist%20T-Shirt,5/24/2026
143,2,2026-05-21,"OT Occupational Therapist OT Therapist Occupational Therapy T-Shirt","Occupational Therapy Month Occupational Therapist",B0H2HQZSDM,N/A,MEDIUM,869,Poor,https://www.amazon.com/s?i=fashion-novelty&rh=p_6%3AATVPDKIKX0DER&s=relevancerank&hidden-keywords=OT%20Occupational%20Therapist%20OT%20Therapist%20Occupational%20Therapy%20T-Shirt,5/24/2026
144,2,2026-05-21,"OT Occupational Therapy Occupational Therapist OT Therapist T-Shirt","Occupational Therapist Occupational Therapy Month",B0H2HJ4DM5,N/A,MEDIUM,870,Poor,https://www.amazon.com/s?i=fashion-novelty&rh=p_6%3AATVPDKIKX0DER&s=relevancerank&hidden-keywords=OT%20Occupational%20Therapy%20Occupational%20Therapist%20OT%20Therapist%20T-Shirt,5/24/2026
145,2,2026-05-21,"Occupational Therapist Appreciation Occupational Therapy T-Shirt","Occupational Therapy Month For Best OT Therapist",B0H2HRQ524,N/A,MEDIUM,881,Poor,https://www.amazon.com/s?i=fashion-novelty&rh=p_6%3AATVPDKIKX0DER&s=relevancerank&hidden-keywords=Occupational%20Therapist%20Appreciation%20Occupational%20Therapy%20T-Shirt,5/24/2026
146,2,2026-05-21,"Occupational Therapist Appreciation Occupational Therapy T-Shirt","Groovy Occupational Therapy Month OT Therapist",B0H2HW1117,N/A,MEDIUM,881,Poor,https://www.amazon.com/s?i=fashion-novelty&rh=p_6%3AATVPDKIKX0DER&s=relevancerank&hidden-keywords=Occupational%20Therapist%20Appreciation%20Occupational%20Therapy%20T-Shirt,5/24/2026
147,2,2026-05-21,"Occupational Therapist Funny Occupational Therapy T-Shirt","Funny Occupational Therapy Month For OT Therapist",B0H2JCNWPS,N/A,MEDIUM,885,Poor,https://www.amazon.com/s?i=fashion-novelty&rh=p_6%3AATVPDKIKX0DER&s=relevancerank&hidden-keywords=Occupational%20Therapist%20Funny%20Occupational%20Therapy%20T-Shirt,5/24/2026
148,2,2026-05-21,"Occupational Therapy Funny Occupational Therapist T-Shirt","Funny Occupational Therapy Month For OT Therapist",B0H2HJTFRJ,N/A,MEDIUM,888,Poor,https://www.amazon.com/s?i=fashion-novelty&rh=p_6%3AATVPDKIKX0DER&s=relevancerank&hidden-keywords=Occupational%20Therapy%20Funny%20Occupational%20Therapist%20T-Shirt,5/24/2026
149,2,2026-05-21,"Motivate Occupational Therapy Occupational Therapist T-Shirt","Occupational Therapy Month For OT Therapist",B0H2JDN328,N/A,MEDIUM,889,Poor,https://www.amazon.com/s?i=fashion-novelty&rh=p_6%3AATVPDKIKX0DER&s=relevancerank&hidden-keywords=Motivate%20Occupational%20Therapy%20Occupational%20Therapist%20T-Shirt,5/24/2026
150,2,2026-05-21,"Motivate Occupational Therapy Occupational Therapist T-Shirt","Occupational Therapy Month For Groovy OT Therapist",B0H2J6YWXT,N/A,MEDIUM,889,Poor,https://www.amazon.com/s?i=fashion-novelty&rh=p_6%3AATVPDKIKX0DER&s=relevancerank&hidden-keywords=Motivate%20Occupational%20Therapy%20Occupational%20Therapist%20T-Shirt,5/24/2026
151,2,2026-05-21,"Occupational Therapy Funny Occupational Therapist T-Shirt","Funny Occupational Therapy Month For OT Therapist",B0H2JHCY3M,N/A,MEDIUM,899,Poor,https://www.amazon.com/s?i=fashion-novelty&rh=p_6%3AATVPDKIKX0DER&s=relevancerank&hidden-keywords=Occupational%20Therapy%20Funny%20Occupational%20Therapist%20T-Shirt,5/24/2026
152,2,2026-05-21,"Motivate Occupational Therapy Occupational Therapist T-Shirt","Occupational Therapy Month For Groovy OT Therapist",B0H2HWVTBF,N/A,MEDIUM,900,Poor,https://www.amazon.com/s?i=fashion-novelty&rh=p_6%3AATVPDKIKX0DER&s=relevancerank&hidden-keywords=Motivate%20Occupational%20Therapy%20Occupational%20Therapist%20T-Shirt,5/24/2026
153,2,2026-05-21,"Motivate Occupational Therapy Occupational Therapist T-Shirt","Occupational Therapy Month For Groovy OT Therapist",B0H2HRZ1B1,N/A,MEDIUM,900,Poor,https://www.amazon.com/s?i=fashion-novelty&rh=p_6%3AATVPDKIKX0DER&s=relevancerank&hidden-keywords=Motivate%20Occupational%20Therapy%20Occupational%20Therapist%20T-Shirt,5/24/2026
154,2,2026-05-22,"OTA Groovy Occupational Therapy Assistant OT Assistant T-Shirt","OTA Occupational Therapist Assistant Groovy",B0H2N22QFY,N/A,HIGH,968,Poor,https://www.amazon.com/s?i=fashion-novelty&rh=p_6%3AATVPDKIKX0DER&s=relevancerank&hidden-keywords=OTA%20Groovy%20Occupational%20Therapy%20Assistant%20OT%20Assistant%20T-Shirt,5/24/2026
155,2,2026-05-22,"OTA Groovy Occupational Therapy Assistant OT Assistant T-Shirt","OTA Occupational Therapist Assistant Groovy",B0H2N2JGP2,N/A,HIGH,968,Poor,https://www.amazon.com/s?i=fashion-novelty&rh=p_6%3AATVPDKIKX0DER&s=relevancerank&hidden-keywords=OTA%20Groovy%20Occupational%20Therapy%20Assistant%20OT%20Assistant%20T-Shirt,5/24/2026
156,2,2026-05-22,"OTA Groovy Occupational Therapy Assistant OT Assistant T-Shirt","OTA Occupational Therapist Assistant Groovy",B0H2N3VY32,N/A,HIGH,968,Poor,https://www.amazon.com/s?i=fashion-novelty&rh=p_6%3AATVPDKIKX0DER&s=relevancerank&hidden-keywords=OTA%20Groovy%20Occupational%20Therapy%20Assistant%20OT%20Assistant%20T-Shirt,5/24/2026
157,2,2026-05-22,"OTA Groovy Occupational Therapy Assistant OT Assistant T-Shirt","OTA Occupational Therapist Assistant Groovy",B0H2MLNN9X,N/A,HIGH,968,Poor,https://www.amazon.com/s?i=fashion-novelty&rh=p_6%3AATVPDKIKX0DER&s=relevancerank&hidden-keywords=OTA%20Groovy%20Occupational%20Therapy%20Assistant%20OT%20Assistant%20T-Shirt,5/24/2026
158,2,2026-05-22,"OTA Groovy Occupational Therapy Assistant OT Assistant T-Shirt","Groovy Occupational Therapist Assistant OTA",B0H2ML4DV3,N/A,HIGH,968,Poor,https://www.amazon.com/s?i=fashion-novelty&rh=p_6%3AATVPDKIKX0DER&s=relevancerank&hidden-keywords=OTA%20Groovy%20Occupational%20Therapy%20Assistant%20OT%20Assistant%20T-Shirt,5/24/2026
159,2,2026-05-21,"Groovy Occupational Therapy Occupational Therapist T-Shirt","Occupational Therapy Month For Groovy OT Therapist",B0H2HYKFDW,N/A,HIGH,992,Poor,https://www.amazon.com/s?i=fashion-novelty&rh=p_6%3AATVPDKIKX0DER&s=relevancerank&hidden-keywords=Groovy%20Occupational%20Therapy%20Occupational%20Therapist%20T-Shirt,5/24/2026
160,2,2026-05-21,"Groovy Occupational Therapist Occupational Therapy T-Shirt","Groovy OT Therapist Occupational Therapy Month",B0H2J9192D,N/A,HIGH,996,Poor,https://www.amazon.com/s?i=fashion-novelty&rh=p_6%3AATVPDKIKX0DER&s=relevancerank&hidden-keywords=Groovy%20Occupational%20Therapist%20Occupational%20Therapy%20T-Shirt,5/24/2026
161,2,2026-05-21,"Groovy Occupational Therapist Occupational Therapy T-Shirt","Groovy OT Therapist Occupational Therapy Month",B0H2JF7YJP,N/A,HIGH,996,Poor,https://www.amazon.com/s?i=fashion-novelty&rh=p_6%3AATVPDKIKX0DER&s=relevancerank&hidden-keywords=Groovy%20Occupational%20Therapist%20Occupational%20Therapy%20T-Shirt,5/24/2026
162,2,2026-05-21,"Groovy Occupational Therapy Occupational Therapist T-Shirt","Occupational Therapy Month For Groovy OT Therapist",B0H2JGY84G,N/A,HIGH,996,Poor,https://www.amazon.com/s?i=fashion-novelty&rh=p_6%3AATVPDKIKX0DER&s=relevancerank&hidden-keywords=Groovy%20Occupational%20Therapy%20Occupational%20Therapist%20T-Shirt,5/24/2026
163,2,2026-05-21,"Groovy Occupational Therapy Occupational Therapist T-Shirt","Occupational Therapy Month For Groovy OT Therapist",B0H2J2375R,N/A,HIGH,996,Poor,https://www.amazon.com/s?i=fashion-novelty&rh=p_6%3AATVPDKIKX0DER&s=relevancerank&hidden-keywords=Groovy%20Occupational%20Therapy%20Occupational%20Therapist%20T-Shirt,5/24/2026
164,2,2026-05-22,"Groovy OTA Occupational Therapist Assistant OT Assistant T-Shirt","Groovy Occupational Therapy Assistant OTA",B0H2MQ459K,N/A,HIGH,1000,Poor,https://www.amazon.com/s?i=fashion-novelty&rh=p_6%3AATVPDKIKX0DER&s=relevancerank&hidden-keywords=Groovy%20OTA%20Occupational%20Therapist%20Assistant%20OT%20Assistant%20T-Shirt,5/24/2026
165,2,2026-05-22,"Groovy OTA Occupational Therapy Assistant OT Assistant T-Shirt","Occupational Therapist Assistant OTA Groovy",B0H2MV3HWY,N/A,HIGH,1000,Poor,https://www.amazon.com/s?i=fashion-novelty&rh=p_6%3AATVPDKIKX0DER&s=relevancerank&hidden-keywords=Groovy%20OTA%20Occupational%20Therapy%20Assistant%20OT%20Assistant%20T-Shirt,5/24/2026
166,2,2026-05-22,"Groovy OTA Occupational Therapist Assistant OT Assistant T-Shirt","Groovy Occupational Therapy Assistant OTA",B0H2MPXVW7,N/A,HIGH,1000,Poor,https://www.amazon.com/s?i=fashion-novelty&rh=p_6%3AATVPDKIKX0DER&s=relevancerank&hidden-keywords=Groovy%20OTA%20Occupational%20Therapist%20Assistant%20OT%20Assistant%20T-Shirt,5/24/2026
167,2,2026-05-21,"Occupational Therapy Squad Occupational Therapist Crew T-Shirt","Groovy Occupational Therapy For OT Therapist Team",B0H2JJ6LTX,N/A,HIGH,1000,Poor,https://www.amazon.com/s?i=fashion-novelty&rh=p_6%3AATVPDKIKX0DER&s=relevancerank&hidden-keywords=Occupational%20Therapy%20Squad%20Occupational%20Therapist%20Crew%20T-Shirt,5/24/2026
168,2,2026-05-21,"Occupational Therapy Team Occupational Therapist Crew T-Shirt","Occupational Therapy For OT Therapist Squad",B0H2J3MY2X,N/A,HIGH,1000,Poor,https://www.amazon.com/s?i=fashion-novelty&rh=p_6%3AATVPDKIKX0DER&s=relevancerank&hidden-keywords=Occupational%20Therapy%20Team%20Occupational%20Therapist%20Crew%20T-Shirt,5/24/2026
169,2,2026-05-21,"Occupational Therapy Team Occupational Therapist Crew T-Shirt","Occupational Therapy For OT Therapist Squad",B0H2J5G9SP,N/A,HIGH,1000,Poor,https://www.amazon.com/s?i=fashion-novelty&rh=p_6%3AATVPDKIKX0DER&s=relevancerank&hidden-keywords=Occupational%20Therapy%20Team%20Occupational%20Therapist%20Crew%20T-Shirt,5/24/2026
170,2,2026-05-21,"Occupational Therapy Squad Occupational Therapist Team T-Shirt","Occupational Therapy For OT Therapist Crew",B0H2HZP9JH,N/A,HIGH,1000,Poor,https://www.amazon.com/s?i=fashion-novelty&rh=p_6%3AATVPDKIKX0DER&s=relevancerank&hidden-keywords=Occupational%20Therapy%20Squad%20Occupational%20Therapist%20Team%20T-Shirt,5/24/2026
171,2,2026-05-21,"Occupational Therapy Squad Occupational Therapist Crew T-Shirt","Groovy Occupational Therapy For OT Therapist Team",B0H2J3NRBW,N/A,HIGH,1000,Poor,https://www.amazon.com/s?i=fashion-novelty&rh=p_6%3AATVPDKIKX0DER&s=relevancerank&hidden-keywords=Occupational%20Therapy%20Squad%20Occupational%20Therapist%20Crew%20T-Shirt,5/24/2026
172,2,2026-05-21,"Occupational Therapy Squad Occupational Therapist Team T-Shirt","Occupational Therapy For OT Therapist Crew",B0H2HR93S7,N/A,HIGH,1000,Poor,https://www.amazon.com/s?i=fashion-novelty&rh=p_6%3AATVPDKIKX0DER&s=relevancerank&hidden-keywords=Occupational%20Therapy%20Squad%20Occupational%20Therapist%20Team%20T-Shirt,5/24/2026
173,2,2026-05-21,"Occupational Therapy Squad Occupational Therapist Team T-Shirt","Occupational Therapy For OT Therapist Crew",B0H2HRCJLK,N/A,HIGH,1000,Poor,https://www.amazon.com/s?i=fashion-novelty&rh=p_6%3AATVPDKIKX0DER&s=relevancerank&hidden-keywords=Occupational%20Therapy%20Squad%20Occupational%20Therapist%20Team%20T-Shirt,5/24/2026
174,2,2026-05-21,"Occupational Therapy Squad Occupational Therapist Team T-Shirt","Groovy Occupational Therapy For OT Therapist Crew",B0H2HWNZQJ,N/A,HIGH,1000,Poor,https://www.amazon.com/s?i=fashion-novelty&rh=p_6%3AATVPDKIKX0DER&s=relevancerank&hidden-keywords=Occupational%20Therapy%20Squad%20Occupational%20Therapist%20Team%20T-Shirt,5/24/2026
175,1,2026-05-22,"OTA Occupational Therapist Assistant OT Assistant T-Shirt","Occupational Therapy Assistant OTA",B0H2MSSR98,N/A,HIGH,2000,Poor,https://www.amazon.com/s?i=fashion-novelty&rh=p_6%3AATVPDKIKX0DER&s=relevancerank&hidden-keywords=OTA%20Occupational%20Therapist%20Assistant%20OT%20Assistant%20T-Shirt,5/24/2026
176,1,2026-05-22,"OTA Occupational Therapy Assistant OT Assistant T-Shirt","Occupational Therapist Assistant OTA",B0H2MGR53T,N/A,HIGH,2000,Poor,https://www.amazon.com/s?i=fashion-novelty&rh=p_6%3AATVPDKIKX0DER&s=relevancerank&hidden-keywords=OTA%20Occupational%20Therapy%20Assistant%20OT%20Assistant%20T-Shirt,5/24/2026
177,1,2026-05-22,"OTA Occupational Therapy Assistant OT Assistant T-Shirt","Occupational Therapist Assistant OTA",B0H2MLVDXD,N/A,HIGH,2000,Poor,https://www.amazon.com/s?i=fashion-novelty&rh=p_6%3AATVPDKIKX0DER&s=relevancerank&hidden-keywords=OTA%20Occupational%20Therapy%20Assistant%20OT%20Assistant%20T-Shirt,5/24/2026
178,1,2026-05-21,"Occupational Therapist Groovy Occupational Therapy T-Shirt","Groovy Occupational Therapy Month For OT Therapist",B0H2J91ZYC,N/A,HIGH,2000,Poor,https://www.amazon.com/s?i=fashion-novelty&rh=p_6%3AATVPDKIKX0DER&s=relevancerank&hidden-keywords=Occupational%20Therapist%20Groovy%20Occupational%20Therapy%20T-Shirt,5/24/2026
179,1,2026-05-21,"Occupational Therapist Groovy Occupational Therapy T-Shirt","Groovy Occupational Therapy Month For OT Therapist",B0H2JGJG7T,N/A,HIGH,2000,Poor,https://www.amazon.com/s?i=fashion-novelty&rh=p_6%3AATVPDKIKX0DER&s=relevancerank&hidden-keywords=Occupational%20Therapist%20Groovy%20Occupational%20Therapy%20T-Shirt,5/24/2026
180,1,2026-05-21,"Occupational Therapy Occupational Therapist Groovy T-Shirt","Groovy OT Therapist Occupational Therapy Month",B0H2JB64B9,N/A,HIGH,2000,Poor,https://www.amazon.com/s?i=fashion-novelty&rh=p_6%3AATVPDKIKX0DER&s=relevancerank&hidden-keywords=Occupational%20Therapy%20Occupational%20Therapist%20Groovy%20T-Shirt,5/24/2026
181,1,2026-05-21,"Occupational Therapy Occupational Therapist Groovy T-Shirt","Groovy OT Therapist Occupational Therapy Month",B0H2HVKX4X,N/A,HIGH,2000,Poor,https://www.amazon.com/s?i=fashion-novelty&rh=p_6%3AATVPDKIKX0DER&s=relevancerank&hidden-keywords=Occupational%20Therapy%20Occupational%20Therapist%20Groovy%20T-Shirt,5/24/2026
182,1,2026-05-21,"Occupational Therapist Groovy Occupational Therapy T-Shirt","Groovy Occupational Therapy Month For OT Therapist",B0H2HJKRBY,N/A,HIGH,2000,Poor,https://www.amazon.com/s?i=fashion-novelty&rh=p_6%3AATVPDKIKX0DER&s=relevancerank&hidden-keywords=Occupational%20Therapist%20Groovy%20Occupational%20Therapy%20T-Shirt,5/24/2026
183,0,2026-05-23,"Occupational Therapy OT Occupational Therapist Month Women T-Shirt","Occupational Therapy OT Therapist",B0H2P986R7,N/A,HIGH,4000,Poor,https://www.amazon.com/s?i=fashion-novelty&rh=p_6%3AATVPDKIKX0DER&s=relevancerank&hidden-keywords=Occupational%20Therapy%20OT%20Occupational%20Therapist%20Month%20Women%20T-Shirt,5/24/2026
184,0,2026-05-23,"Occupational Therapy OT Occupational Therapist Month Women T-Shirt","Occupational Therapy OT Therapist Leopard",B0H2PGDG2Z,N/A,HIGH,4000,Poor,https://www.amazon.com/s?i=fashion-novelty&rh=p_6%3AATVPDKIKX0DER&s=relevancerank&hidden-keywords=Occupational%20Therapy%20OT%20Occupational%20Therapist%20Month%20Women%20T-Shirt,5/24/2026
185,0,2026-05-23,"Occupational Therapy OT Occupational Therapist Month Women T-Shirt","Occupational Therapy OT Therapist Leopard",B0H2PFN8PN,N/A,HIGH,4000,Poor,https://www.amazon.com/s?i=fashion-novelty&rh=p_6%3AATVPDKIKX0DER&s=relevancerank&hidden-keywords=Occupational%20Therapy%20OT%20Occupational%20Therapist%20Month%20Women%20T-Shirt,5/24/2026
186,0,2026-05-21,"Occupational Therapy OT Therapist Occupational Therapist T-Shirt","Occupational Therapy Month",B0H2JH7JBY,N/A,HIGH,10000,Poor,https://www.amazon.com/s?i=fashion-novelty&rh=p_6%3AATVPDKIKX0DER&s=relevancerank&hidden-keywords=Occupational%20Therapy%20OT%20Therapist%20Occupational%20Therapist%20T-Shirt,5/24/2026
187,0,2026-05-21,"Occupational Therapy Occupational Therapist OT Therapist T-Shirt","Occupational Therapist Occupational Therapy Month",B0H2JBJDRC,N/A,HIGH,10000,Poor,https://www.amazon.com/s?i=fashion-novelty&rh=p_6%3AATVPDKIKX0DER&s=relevancerank&hidden-keywords=Occupational%20Therapy%20Occupational%20Therapist%20OT%20Therapist%20T-Shirt,5/24/2026
188,0,2026-05-21,"Occupational Therapy OT Therapist Occupational Therapist T-Shirt","Occupational Therapy Month",B0H2HZ3HXW,N/A,HIGH,10000,Poor,https://www.amazon.com/s?i=fashion-novelty&rh=p_6%3AATVPDKIKX0DER&s=relevancerank&hidden-keywords=Occupational%20Therapy%20OT%20Therapist%20Occupational%20Therapist%20T-Shirt,5/24/2026
189,0,2026-05-21,"Occupational Therapy OT Therapist Occupational Therapist T-Shirt","Occupational Therapy Month",B0H2J9JTS5,N/A,HIGH,10000,Poor,https://www.amazon.com/s?i=fashion-novelty&rh=p_6%3AATVPDKIKX0DER&s=relevancerank&hidden-keywords=Occupational%20Therapy%20OT%20Therapist%20Occupational%20Therapist%20T-Shirt,5/24/2026
190,0,2026-05-21,"Occupational Therapy OT Therapist Occupational Therapist T-Shirt","Occupational Therapy Month",B0H2J48L14,N/A,HIGH,10000,Poor,https://www.amazon.com/s?i=fashion-novelty&rh=p_6%3AATVPDKIKX0DER&s=relevancerank&hidden-keywords=Occupational%20Therapy%20OT%20Therapist%20Occupational%20Therapist%20T-Shirt,5/24/2026
191,0,2026-05-21,"Occupational Therapy Occupational Therapist OT Therapist T-Shirt","Occupational Therapist Occupational Therapy Month",B0H2J41V6V,N/A,HIGH,10000,Poor,https://www.amazon.com/s?i=fashion-novelty&rh=p_6%3AATVPDKIKX0DER&s=relevancerank&hidden-keywords=Occupational%20Therapy%20Occupational%20Therapist%20OT%20Therapist%20T-Shirt,5/24/2026
192,0,2026-05-21,"Occupational Therapy Occupational Therapist T-Shirt","Occupational Therapy Month For OT Therapist",B0H2JHJJTL,N/A,HIGH,20000,Poor,https://www.amazon.com/s?i=fashion-novelty&rh=p_6%3AATVPDKIKX0DER&s=relevancerank&hidden-keywords=Occupational%20Therapy%20Occupational%20Therapist%20T-Shirt,5/24/2026